﻿<parameters>
  <parameter name="IIS Web Application Name" defaultValue="__WEBSITE__" tags="IisApp">
    <parameterEntry kind="ProviderPath" scope="IisApp" match="^D:\\Repos\\Dev\ Ops\\SportsStore\\SportsStore\.WebUI\\obj\\Release\\Package\\PackageTmp$" />
    <parameterEntry kind="ProviderPath" scope="setAcl" match="^D:\\Repos\\Dev\ Ops\\SportsStore\\SportsStore\.WebUI\\obj\\Release\\Package\\PackageTmp$" />
  </parameter>
  <parameter name="MyVal1" description="Description for MyVal1" defaultValue="__MYVAL1__">
    <parameterEntry kind="XmlFile" scope="\\web.config$" match="/configuration/appSettings/add[@key='MyVal1']/@value" />
  </parameter>
  <parameter name="EFDbContext-Web.config Connection String" defaultValue="Data Source=(localdb)\ProjectsV13;Initial Catalog=SportsStoreDB;Integrated Security=True">
    <parameterEntry kind="XmlFile" scope="D:\\Repos\\Dev\ Ops\\SportsStore\\SportsStore\.WebUI\\obj\\Release\\Package\\PackageTmp\\Web\.config$" match="/configuration/connectionStrings/add[@name='EFDbContext']/@connectionString" />
  </parameter>
</parameters>